Row,iso3,population,gdp_pc
1,COL,52321152,6947.359287
2,VNM,100352192,4282.088517
3,KHM,17423880,2429.748535
4,NGA,227882945,1596.636961
5,IND,1438069596,2480.792087